{
    "national": [
        1.157,
        8.7005331718,
        16.165
    ],
    "alabama": [
        -28.198,
        -20.8743764725,
        -13.434
    ],
    "alaska": [
        -17.934,
        -10.6012311576,
        -3.186
    ],
    "arizona": [
        -7.016,
        0.2654427506,
        7.819
    ],
    "arkansas": [
        -28.524,
        -21.1937315641,
        -13.791
    ],
    "california": [
        23.159,
        30.3423907079,
        37.756
    ],
    "colorado": [
        1.618,
        9.0012775515,
        16.333
    ],
    "connecticut": [
        11.675,
        19.0826721191,
        26.441
    ],
    "delaware": [
        11.315,
        18.679862586,
        26.127
    ],
    "district of columbia": [
        67.055,
        74.4618681912,
        81.663
    ],
    "florida": [
        -5.072,
        2.1640995355,
        9.591
    ],
    "georgia": [
        -8.858,
        -1.3433150595,
        6.178
    ],
    "hawaii": [
        33.314,
        40.7361176671,
        48.188
    ],
    "idaho": [
        -35.126,
        -27.7459296658,
        -20.37
    ],
    "illinois": [
        15.951,
        23.3102891024,
        30.618
    ],
    "indiana": [
        -18.31,
        -10.9225760926,
        -3.521
    ],
    "iowa": [
        -6.241,
        1.1882379626,
        8.55
    ],
    "kansas": [
        -24.313,
        -16.9056629861,
        -9.559
    ],
    "kentucky": [
        -29.345,
        -22.0306852544,
        -14.527
    ],
    "louisiana": [
        -21.369,
        -14.0224601295,
        -6.634
    ],
    "maine": [
        5.57,
        12.949107197,
        20.332
    ],
    "maine-1": [
        14.535,
        21.953129333,
        29.369
    ],
    "maine-2": [
        -2.954,
        4.4011122731,
        11.792
    ],
    "maryland": [
        22.528,
        29.8734410219,
        37.307
    ],
    "massachusetts": [
        21.775,
        29.2122792624,
        36.582
    ],
    "michigan": [
        -0.365,
        7.0430189076,
        14.332
    ],
    "minnesota": [
        0.961,
        8.4172769449,
        15.875
    ],
    "mississippi": [
        -18.109,
        -10.7527366359,
        -3.393
    ],
    "missouri": [
        -17.403,
        -10.0340500939,
        -2.675
    ],
    "montana": [
        -20.125,
        -12.8154057292,
        -5.425
    ],
    "nebraska": [
        -27.109,
        -19.7182012398,
        -12.267
    ],
    "nebraska-1": [
        -21.701,
        -14.3288938749,
        -6.948
    ],
    "nebraska-2": [
        -8.072,
        -0.6631703011,
        6.665
    ],
    "nebraska-3": [
        -51.924,
        -44.5405544581,
        -37.177
    ],
    "nevada": [
        0.856,
        8.1950219367,
        15.606
    ],
    "new hampshire": [
        -0.835,
        6.5849941733,
        13.933
    ],
    "new jersey": [
        12.165,
        19.567517875,
        26.97
    ],
    "new mexico": [
        5.627,
        12.9841800529,
        20.427
    ],
    "new york": [
        21.476,
        28.8178185631,
        36.185
    ],
    "north carolina": [
        -6.447,
        0.9717178016,
        8.404
    ],
    "north dakota": [
        -31.479,
        -24.1065029886,
        -16.624
    ],
    "ohio": [
        -6.001,
        1.4950742299,
        9.032
    ],
    "oklahoma": [
        -38.224,
        -30.8978632042,
        -23.497
    ],
    "oregon": [
        7.683,
        15.033629382,
        22.498
    ],
    "pennsylvania": [
        -1.905,
        5.4281021377,
        12.818
    ],
    "rhode island": [
        9.545,
        16.9302636232,
        24.151
    ],
    "south carolina": [
        -15.719,
        -8.2942943356,
        -0.876
    ],
    "south dakota": [
        -31.24,
        -23.7409116602,
        -16.341
    ],
    "tennessee": [
        -26.629,
        -19.2584130966,
        -11.869
    ],
    "texas": [
        -13.967,
        -6.6024172377,
        0.641
    ],
    "utah": [
        -35.692,
        -28.3724482416,
        -20.936
    ],
    "vermont": [
        24.182,
        31.5421384669,
        39.073
    ],
    "virginia": [
        1.074,
        8.4297766623,
        15.829
    ],
    "washington": [
        12.146,
        19.4571473798,
        26.864
    ],
    "west virginia": [
        -38.016,
        -30.6495898895,
        -23.245
    ],
    "wisconsin": [
        -2.039,
        5.3893460693,
        12.798
    ],
    "wyoming": [
        -53.738,
        -46.4187878501,
        -38.905
    ]
}