{
    "national": [
        1.204,
        8.5448893621,
        16.019
    ],
    "alabama": [
        -28.431,
        -20.8236570973,
        -13.503
    ],
    "alaska": [
        -18.078,
        -10.5345372849,
        -3.156
    ],
    "arizona": [
        -7.358,
        0.2495535988,
        7.671
    ],
    "arkansas": [
        -28.696,
        -21.1277488577,
        -13.777
    ],
    "california": [
        22.801,
        30.4108588423,
        37.776
    ],
    "colorado": [
        1.425,
        9.0518723435,
        16.295
    ],
    "connecticut": [
        11.504,
        19.107140534,
        26.492
    ],
    "delaware": [
        11.19,
        18.7195468066,
        26.123
    ],
    "district of columbia": [
        66.824,
        74.3864245763,
        81.765
    ],
    "florida": [
        -5.259,
        2.293156692,
        9.575
    ],
    "georgia": [
        -8.803,
        -1.2988984923,
        5.96
    ],
    "hawaii": [
        33.222,
        40.8041000567,
        48.17
    ],
    "idaho": [
        -35.279,
        -27.746503315,
        -20.391
    ],
    "illinois": [
        15.851,
        23.3516567278,
        30.742
    ],
    "indiana": [
        -18.398,
        -10.8874323442,
        -3.461
    ],
    "iowa": [
        -6.341,
        1.2238584932,
        8.637
    ],
    "kansas": [
        -24.51,
        -16.8647296553,
        -9.547
    ],
    "kentucky": [
        -29.493,
        -21.9448959371,
        -14.547
    ],
    "louisiana": [
        -21.587,
        -13.9848113716,
        -6.707
    ],
    "maine": [
        5.45,
        12.9746208131,
        20.228
    ],
    "maine-1": [
        14.54,
        21.9434598803,
        29.402
    ],
    "maine-2": [
        -3.229,
        4.4329337617,
        11.814
    ],
    "maryland": [
        22.233,
        29.9056438134,
        37.317
    ],
    "massachusetts": [
        21.614,
        29.2615529714,
        36.536
    ],
    "michigan": [
        -0.424,
        6.9359622824,
        14.522
    ],
    "minnesota": [
        0.797,
        8.483203062,
        15.93
    ],
    "mississippi": [
        -18.329,
        -10.7314074539,
        -3.383
    ],
    "missouri": [
        -17.466,
        -9.9888506531,
        -2.53
    ],
    "montana": [
        -20.314,
        -12.824264602,
        -5.435
    ],
    "nebraska": [
        -27.198,
        -19.6542911735,
        -12.242
    ],
    "nebraska-1": [
        -21.773,
        -14.2732487196,
        -6.905
    ],
    "nebraska-2": [
        -8.09,
        -0.5918651206,
        6.773
    ],
    "nebraska-3": [
        -52.012,
        -44.5003021862,
        -37.125
    ],
    "nevada": [
        0.736,
        8.254372114,
        15.643
    ],
    "new hampshire": [
        -0.953,
        6.6273559097,
        14.01
    ],
    "new jersey": [
        12.003,
        19.6110732624,
        26.937
    ],
    "new mexico": [
        5.539,
        13.0730403343,
        20.433
    ],
    "new york": [
        21.291,
        28.8851020385,
        36.251
    ],
    "north carolina": [
        -6.574,
        1.0130289609,
        8.331
    ],
    "north dakota": [
        -31.506,
        -24.0341389073,
        -16.655
    ],
    "ohio": [
        -5.977,
        1.5077302578,
        8.865
    ],
    "oklahoma": [
        -38.395,
        -30.8182953027,
        -23.465
    ],
    "oregon": [
        7.519,
        15.0613512968,
        22.58
    ],
    "pennsylvania": [
        -2.008,
        5.3987120377,
        12.725
    ],
    "rhode island": [
        9.51,
        16.9418498355,
        24.358
    ],
    "south carolina": [
        -15.868,
        -8.2381846236,
        -0.834
    ],
    "south dakota": [
        -31.26,
        -23.7212047265,
        -16.248
    ],
    "tennessee": [
        -26.787,
        -19.1962489915,
        -11.795
    ],
    "texas": [
        -14.127,
        -6.6125926271,
        0.754
    ],
    "utah": [
        -35.837,
        -28.3297187149,
        -20.948
    ],
    "vermont": [
        24.096,
        31.584173673,
        38.899
    ],
    "virginia": [
        0.909,
        8.473623701,
        15.785
    ],
    "washington": [
        11.906,
        19.4883847952,
        26.841
    ],
    "west virginia": [
        -38.133,
        -30.6170536711,
        -23.221
    ],
    "wisconsin": [
        -2.057,
        5.4191408663,
        12.843
    ],
    "wyoming": [
        -53.897,
        -46.5686504166,
        -39.234
    ]
}