{
    "2020-10-04T02": {
        "national": [
            3.264,
            10.3460260437,
            17.664
        ],
        "alabama": [
            -27.739,
            -20.8799652738,
            -13.525
        ],
        "alaska": [
            -16.532,
            -9.4917893718,
            -2.285
        ],
        "arizona": [
            -6.968,
            0.1301016636,
            7.212
        ],
        "arkansas": [
            -30.464,
            -23.1968871417,
            -16.344
        ],
        "california": [
            21.388,
            28.7895868983,
            36.061
        ],
        "colorado": [
            7.287,
            14.125950236,
            21.209
        ],
        "connecticut": [
            16.151,
            22.6873924678,
            30.495
        ],
        "delaware": [
            16.822,
            23.8834851955,
            31.352
        ],
        "district of columbia": [
            67.39,
            75.080707719,
            82.373
        ],
        "florida": [
            -4.9,
            2.0088286336,
            9.569
        ],
        "georgia": [
            -5.699,
            1.3302120512,
            8.059
        ],
        "hawaii": [
            26.218,
            33.081118124,
            40.735
        ],
        "idaho": [
            -31.405,
            -24.004345797,
            -16.911
        ],
        "illinois": [
            15.504,
            22.4764510934,
            29.596
        ],
        "indiana": [
            -18.368,
            -11.2084146293,
            -4.064
        ],
        "iowa": [
            -11.881,
            -4.5998536884,
            2.382
        ],
        "kansas": [
            -16.273,
            -9.5738447783,
            -2.507
        ],
        "kentucky": [
            -28.621,
            -21.2732106502,
            -14.743
        ],
        "louisiana": [
            -23.319,
            -15.784003467,
            -8.537
        ],
        "maine": [
            7.03,
            14.6026838487,
            21.515
        ],
        "maine-1": [
            15.631,
            22.6577632063,
            29.741
        ],
        "maine-2": [
            -3.041,
            3.8584242973,
            11.105
        ],
        "maryland": [
            25.167,
            32.1421891293,
            39.369
        ],
        "massachusetts": [
            29.646,
            37.1263441848,
            44.773
        ],
        "michigan": [
            -1.645,
            5.4451068974,
            12.098
        ],
        "minnesota": [
            2.827,
            10.0601456861,
            17.22
        ],
        "mississippi": [
            -19.479,
            -12.3892989509,
            -5.337
        ],
        "missouri": [
            -14.924,
            -7.9025108414,
            -0.511
        ],
        "montana": [
            -20.075,
            -12.7676345274,
            -5.536
        ],
        "nebraska": [
            -26.353,
            -19.052236759,
            -11.638
        ],
        "nebraska-1": [
            -17.409,
            -10.2015507434,
            -2.955
        ],
        "nebraska-2": [
            -4.857,
            2.5960669936,
            9.76
        ],
        "nebraska-3": [
            -50.998,
            -43.7131094222,
            -36.297
        ],
        "nevada": [
            -4.784,
            2.5696058232,
            9.57
        ],
        "new hampshire": [
            9.702,
            16.8658187367,
            24.107
        ],
        "new jersey": [
            14.397,
            21.317768915,
            29.244
        ],
        "new mexico": [
            3.284,
            10.4513394061,
            17.986
        ],
        "new york": [
            23.186,
            30.4097713205,
            37.139
        ],
        "north carolina": [
            -5.28,
            1.6903629149,
            8.99
        ],
        "north dakota": [
            -32.964,
            -26.0099640944,
            -18.762
        ],
        "ohio": [
            -8.695,
            -1.6383547859,
            5.454
        ],
        "oklahoma": [
            -34.29,
            -27.2596815014,
            -20.718
        ],
        "oregon": [
            13.375,
            20.254383112,
            27.157
        ],
        "pennsylvania": [
            -1.681,
            6.0946891379,
            13.124
        ],
        "rhode island": [
            11.682,
            19.2654584236,
            26.312
        ],
        "south carolina": [
            -12.262,
            -4.6596176155,
            2.745
        ],
        "south dakota": [
            -31.24,
            -24.1483642756,
            -16.873
        ],
        "tennessee": [
            -25.578,
            -18.4747067046,
            -11.479
        ],
        "texas": [
            -10.379,
            -2.7764499967,
            4.84
        ],
        "utah": [
            -27.303,
            -20.5412488801,
            -13.113
        ],
        "vermont": [
            32.927,
            39.950235701,
            46.705
        ],
        "virginia": [
            6.028,
            13.4457734543,
            20.097
        ],
        "washington": [
            15.163,
            22.5978260314,
            29.771
        ],
        "west virginia": [
            -39.261,
            -31.8906545679,
            -24.898
        ],
        "wisconsin": [
            -3.582,
            3.8306193062,
            11.304
        ],
        "wyoming": [
            -55.128,
            -47.9154974038,
            -40.984
        ]
    }
}