{
    "2020-09-28T06": {
        "national": [
            1.43,
            8.5830780975,
            15.91
        ],
        "alabama": [
            -28.254,
            -20.8547720344,
            -13.489
        ],
        "alaska": [
            -17.892,
            -10.5870291278,
            -3.173
        ],
        "arizona": [
            -7.148,
            0.2967407959,
            7.645
        ],
        "arkansas": [
            -28.544,
            -21.1838018036,
            -13.711
        ],
        "california": [
            23.026,
            30.3840105915,
            37.747
        ],
        "colorado": [
            1.612,
            9.0406742717,
            16.368
        ],
        "connecticut": [
            11.714,
            19.0638583943,
            26.504
        ],
        "delaware": [
            11.363,
            18.6928010443,
            26.105
        ],
        "district of columbia": [
            66.848,
            74.2951140137,
            81.88
        ],
        "florida": [
            -5.088,
            2.2165611717,
            9.489
        ],
        "georgia": [
            -8.679,
            -1.375406777,
            5.817
        ],
        "hawaii": [
            33.419,
            40.7511967663,
            48.17
        ],
        "idaho": [
            -35.144,
            -27.7651371981,
            -20.329
        ],
        "illinois": [
            16.012,
            23.4327649469,
            30.719
        ],
        "indiana": [
            -18.311,
            -10.9153234854,
            -3.454
        ],
        "iowa": [
            -6.265,
            1.0839876831,
            8.682
        ],
        "kansas": [
            -24.253,
            -16.9505237419,
            -9.569
        ],
        "kentucky": [
            -29.2,
            -21.9665220057,
            -14.563
        ],
        "louisiana": [
            -21.347,
            -14.0437237355,
            -6.669
        ],
        "maine": [
            5.667,
            12.933459887,
            20.267
        ],
        "maine-1": [
            14.543,
            21.8936446435,
            29.435
        ],
        "maine-2": [
            -3.072,
            4.3467219065,
            11.665
        ],
        "maryland": [
            22.498,
            29.885558872,
            37.258
        ],
        "massachusetts": [
            21.88,
            29.2309965003,
            36.66
        ],
        "michigan": [
            -0.361,
            7.0814221871,
            14.242
        ],
        "minnesota": [
            1.065,
            8.5041347029,
            15.865
        ],
        "mississippi": [
            -18.164,
            -10.8211875215,
            -3.318
        ],
        "missouri": [
            -17.352,
            -10.0263710265,
            -2.666
        ],
        "montana": [
            -20.127,
            -12.8400368912,
            -5.394
        ],
        "nebraska": [
            -27.089,
            -19.7045944769,
            -12.273
        ],
        "nebraska-1": [
            -21.643,
            -14.3394322373,
            -6.888
        ],
        "nebraska-2": [
            -8.028,
            -0.6686663851,
            6.779
        ],
        "nebraska-3": [
            -51.867,
            -44.5513802746,
            -37.135
        ],
        "nevada": [
            0.944,
            8.2070227161,
            15.627
        ],
        "new hampshire": [
            -0.672,
            6.5874810556,
            14.033
        ],
        "new jersey": [
            12.281,
            19.5943366683,
            27.064
        ],
        "new mexico": [
            5.682,
            12.9977035064,
            20.42
        ],
        "new york": [
            21.422,
            28.8107083675,
            36.243
        ],
        "north carolina": [
            -6.377,
            0.9217438611,
            8.438
        ],
        "north dakota": [
            -31.437,
            -24.0766162526,
            -16.572
        ],
        "ohio": [
            -5.882,
            1.5374425288,
            8.894
        ],
        "oklahoma": [
            -38.166,
            -30.8893222915,
            -23.431
        ],
        "oregon": [
            7.77,
            15.0659365195,
            22.458
        ],
        "pennsylvania": [
            -1.952,
            5.4049164589,
            12.709
        ],
        "rhode island": [
            9.59,
            16.9422266996,
            24.374
        ],
        "south carolina": [
            -15.638,
            -8.31840975,
            -0.85
        ],
        "south dakota": [
            -31.115,
            -23.7727952351,
            -16.319
        ],
        "tennessee": [
            -26.561,
            -19.2830372391,
            -11.855
        ],
        "texas": [
            -14.015,
            -6.6297572971,
            0.729
        ],
        "utah": [
            -35.75,
            -28.2964541903,
            -20.935
        ],
        "vermont": [
            24.119,
            31.552772278,
            38.98
        ],
        "virginia": [
            1.085,
            8.4954104956,
            15.773
        ],
        "washington": [
            12.089,
            19.451672012,
            26.833
        ],
        "west virginia": [
            -38.029,
            -30.6752679155,
            -23.204
        ],
        "wisconsin": [
            -2.051,
            5.4478532129,
            12.948
        ],
        "wyoming": [
            -53.818,
            -46.4605436165,
            -39.181
        ]
    }
}